bacia,lat,long,od,alt,larg,prof,veloc
Ivinhema,-21.657333,-54.424944,8.34,282,6.95,0.56,0.391566265
Ivinhema,-21.56575,-54.485083,7.9,295,5.22,0.44,0.356626506
Ivinhema,-21.539083,-54.557167,9.2,298,2.35,0.3577,0.21313253
Ivinhema,-22.04625,-55.308028,9.89,378,4.5,0.5033,0.589156627
Ivinhema,-21.479736,-54.350306,9.55,318,4.2,0.42,0.369879518
Ivinhema,-21.574083,-54.227333,10.31,337,2.6,0.3157,0.668674699
Ivinhema,-21.774194,-53.943444,8.95,254,10,0.6828,0.737349398
Ivinhema,-22.208611,-54.825556,7.49,389,1.05,0.508,1.140963855
Ivinhema,-22.153139,-54.939556,7.31,375,0.98,0.4,0.547590361
Ivinhema,-22.6125,-54.036028,7.72,290,3.3,0.315,0.708433735
Ivinhema,-22.776694,-54.051194,7.63,277,5,0.3833,1.147349398
Ivinhema,-22.872222,-54.076222,7.86,307,2.2,0.3333,0.708674699
Ivinhema,-22.434694,-53.91875,7.23,304,3.5,0.4037,0.795180723
Ivinhema,-22.223028,-53.750889,5.84,298,2,0.266,0.481927711
Ivinhema,-22.233151,-53.784471,7.18,269,8,1.4,0.301204819
Ivinhema,-22.524917,-53.550083,5.25,242,3.5,1.65,0.285060241
Ivinhema,-22.311306,-53.952056,6.17,327,3,0.494,0.501927711
Ivinhema,-22.316444,-54.185167,6.69,335,0.8,0.55,0.753012048
Ivinhema,-22.406194,-55.176333,7.71,356,6.5,0.675,1.112048193
Ivinhema,-22.523583,-55.466,7.27,571,1.7,0.3,0.573493976
Ivinhema,-21.742833,-55.012472,4.74,345,1.1,0.256,0.587716721
Ivinhema,-21.6425,-55.122889,7.5,359,12,2.1,0.999118425
Ivinhema,-21.546806,-55.176806,6.73,364,1.3,0.442,0.415454923
Ivinhema,-21.825556,-55.151722,3.4,381,2,0.5,0.072579475
Ivinhema,-21.950194,-54.631083,2.3,281,3.5,1.57,0.360626178
Ivinhema,-21.844528,-54.48725,6.26,277,4,1.1,0.336228635
Ivinhema,-21.618944,-54.630778,5.92,310,5,1.64,0.060240964
Ivinhema,-21.530444,-55.242861,7.76,384,8,0.6,0.850460666
Ivinhema,-22.015889,-55.100306,7.13,376,5,0.5,1.112140871
Ivinhema,-22.56425,-55.141972,8.15,455,2.2,0.383,1.445783133
Ivinhema,-22.550389,-54.800417,7.6,423,0.8,0.328,0.451807229
Ivinhema,-22.232833,-54.149056,5.54,350,1.2,0.5,0.657174151
Ivinhema,-22.0865,-54.0835,6.75,316,4,0.368,0.850460666
Ivinhema,-22.114722,-53.910167,7.16,314,1.3,0.45,0.903614458
Ivinhema,-22.411556,-54.184833,3.91,336,1.8,0.8,0.963855422
Ivinhema,-22.40475,-54.384333,7.27,323,2.4,1.2,1.070950469
Ivinhema,-22.309417,-55.755972,7.86,605,6.5,0.67,0.963855422
Ivinhema,-22.211139,-55.916389,5.5,680,1.8,0.4,0.58009817
Ivinhema,-22.269889,-55.542222,7.52,492,8.5,0.7,1.070950469
Ivinhema,-22.157444,-55.57175,7.25,478,0.85,0.4,0.82616179
Ivinhema,-22.006083,-55.609139,7.46,589,1.7,0.2,0.682730924
Ivinhema,-21.766028,-55.568667,6.31,537,2,0.475,1.280120482
Ivinhema,-21.9805,-55.392944,7.44,406,4.3,0.51,0.930996714
Ivinhema,-21.609278,-55.58425,7.64,533,1.6,0.38,1.047668937
Ivinhema,-21.303694,-55.436667,7.15,481,5.5,0.375,0.921332388
Ivinhema,-21.216028,-55.416278,7.12,518,1.1,0.46,0.688468158
Ivinhema,-21.019722,-55.12125,7.42,469,1.75,0.4,0.657174151
Ivinhema,-22.006639,-53.551806,5.3,263,8,0.778,0.417998525
Ivinhema,-22.270111,-54.270278,6.08,308,0.9,0.325,0.114744693
Ivinhema,-22.185083,-54.316972,6.23,283,3.8,0.65,0.458978772
Ivinhema,-22.059917,-54.787139,3.54,317,3,0.55,0.430120482
Ivinhema,-21.925111,-54.699806,4.71,286,0.9,0.916,0.546987952
Ivinhema,-21.910917,-54.808861,7.54,297,0.65,0.725,0.481927711
Ivinhema,-21.730556,-55.026528,7.54,327,6,0.475,0.33373494
Ivinhema,-21.588417,-54.974472,5.75,333,2.3,0.888,0.171084337
Ivinhema,-21.492111,-54.820917,6.05,330,4,0.7,0.602409639
Ivinhema,-21.499139,-54.718083,7.87,310,11,0.3,1.204819277
Ivinhema,-21.871722,-54.446889,4.02,278,1.5,1,0.096385542
Ivinhema,-22.504472,-55.3135,7.12,452,4,1.05,0.375903614
Ivinhema,-22.411694,-54.673694,6.98,328,1.5,0.355,0.375903614
Ivinhema,-22.4875,-54.655889,6.95,318,6,0.7,1.003614458
Ivinhema,-22.436139,-54.516722,6.83,310,4.5,0.75,0.687951807
Ivinhema,-22.430917,-54.514194,7.14,350,1.6,0.3833,0.627710843
Ivinhema,-22.460639,-54.303611,5.58,382,2.2,0.35,0.719277108
Ivinhema,-22.422111,-54.278222,4.88,378,1.5,0.77,0.301204819
Ivinhema,-22.180389,-54.109972,6.79,308,2.5,0.7,1.03253012
Ivinhema,-22.145222,-54.140056,7.05,311,1.7,0.4,0.687951807
Ivinhema,-22.170194,-54.136111,7.25,301,1.3,0.3333,0.586746988
Ivinhema,-22.454361,-54.136806,2.9,322,1,1.15,0.481927711
Ivinhema,-22.487917,-54.351694,4.61,371,1.6,0.25,0.903614458
Ivinhema,-22.172167,-54.970333,6.4,419,0.8,0.35,0.525301205
Ivinhema,-22.095778,-55.269361,7.43,393,1.5,0.61,0.534939759
Ivinhema,-22.238167,-53.9495,7.05,323,2.2,0.666,0.628554217
Ivinhema,-22.376861,-53.868972,3.98,314,2.5,0.75,0.687951807
Ivinhema,-22.351472,-53.930222,6.73,299,5.5,0.9,0.84939759
Ivinhema,-22.561361,-53.983342,7.5,272,2.5,0.8,0.534939759
Ivinhema,-22.67525,-54.044694,4.79,312,2,0.5666,0.361445783
Ivinhema,-22.749417,-54.028389,6.86,301,0.9,0.5,0.498433735
Ivinhema,-22.994778,-54.184472,4.22,320,1.5,0.9,0.722891566
Ivinhema,-22.782806,-54.199944,6.31,351,2.5,0.175,0.555421687
Ivinhema,-22.648778,-54.242361,4.73,357,1.1,0.5,0.850361446
Ivinhema,-22.433972,-55.064361,7.31,351,3.5,0.45,1.112048193
Ivinhema,-22.436722,-55.093861,6.43,355,3.6,0.8,0.481927711
Ivinhema,-22.596028,-55.600556,7.61,583,3.2,0.35,0.578313253
Ivinhema,-22.503417,-55.69775,7.14,588,6.5,0.55,1.03253012
Ivinhema,-21.491472,-54.589306,6.65,312,5.5,0.975,0.656626506
Ivinhema,-21.400083,-54.665917,6.28,340,2.2,0.317,0.656626506
Ivinhema,-21.360306,-54.696889,7.28,320,3.5,0.3,0.722891566
Ivinhema,-20.914111,-54.919222,5.48,474,1.9,0.375,0.361445783
Ivinhema,-21.020361,-54.935167,3.51,422,4.7,1.2,0.515662651
Ivinhema,-21.054194,-54.935667,6.65,404,5.3,1.1,0.963855422
Ivinhema,-21.501306,-55.164611,6.48,346,9.5,1.8,0.240963855
Ivinhema,-22.101306,-55.151056,7.7,402,2.3,0.45,0.656626506
Ivinhema,-22.057222,-55.498028,6.81,457,2.9,0.517,0.481927711
Ivinhema,-22.024528,-55.473167,7.14,486,1.3,0.525,0.656626506
Ivinhema,-21.994194,-55.654639,6.67,563,3.1,0.267,0.963855422
Ivinhema,-22.03525,-55.793972,7.1,586,9,0.75,0.84939759
Ivinhema,-22.056,-55.801778,7.3,593,4.2,0.433,1.313253012
Ivinhema,-22.283889,-55.83025,4.54,661,1.2,0.5,0.578313253
Ivinhema,-22.133028,-53.768472,4.52,273,4.5,0.7,0.457831325
Ivinhema,-21.904611,-53.546139,6.78,292,1.6,0.5,0.722891566
Ivinhema,-21.99425,-53.570111,4.41,265,2.5,0.4,0.602409639
Ivinhema,-22.306139,-53.395722,5.84,271,4.2,1.025,1.03253012
Ivinhema,-22.466994,-53.579306,7.07,261,3.5,0.775,0.687951807
Ivinhema,-21.460278,-55.332528,6.65,420,2.2,0.417,1.204819277
Ivinhema,-21.393833,-55.341972,6.83,391,9.5,0.55,0.802409639
Ivinhema,-21.321667,-55.348389,7.56,407,6,0.75,0.963855422
Ivinhema,-21.329028,-55.329028,6.29,542,2.5,0.333,0.903614458
Ivinhema,-21.722417,-55.496028,6.32,486,3.2,0.4,0.803614458
Ivinhema,-21.671306,-55.445444,6.7,461,4,0.75,0.963855422
Ivinhema,-22.129694,-54.579278,5.81,305,4.1,1.05,1.192771084
Ivinhema,-21.893333,-54.343778,6.72,279,2.5,0.5,0.656626506
Ivinhema,-21.947861,-54.501028,4.83,272,12,2,0.656626506
Ivinhema,-23.041639,-54.024056,7.75,290,2,0.7,0.438116101
Ivinhema,-22.763194,-53.969833,6.93,316,1.1,0.6,0.258175559
Ivinhema,-22.275853,-53.287967,7.38,280,4,0.433,0.976880495
Ivinhema,-22.231083,-53.064389,7.19,264,4.2,0.733,0.760938491
Ivinhema,-22.350417,-53.342889,6.32,269,7.5,1.35,0.628601362
Ivinhema,-22.497222,-53.41025,4.12,247,4,1.3,0.370713624
Ivinhema,-22.68456,-54.482452,8.8,410,3.5,0.25,0.012048193
Ivinhema,-23.133333,-53.876111,7.86,238,2.1,0.5,0.803212851
Ivinhema,-22.606611,-53.832667,7.28,288,2.3,0.38,0.498545908
Ivinhema,-21.893583,-53.488639,8.17,282,2.1,0.433,0.698445958
Ivinhema,-21.8825,-53.240639,7.68,319,1.5,0.3,0.516351119
Ivinhema,-22.525694,-54.324583,NA,368,1.8,0.65,0.481927711
Ivinhema,-22.581472,-54.328361,NA,332,5.2,0.73,0.722891566
Ivinhema,-22.603417,-54.340778,NA,353,1.2,0.26,0.963855422
Ivinhema,-22.528361,-54.190333,NA,308,4.4,0.51,0.843373494
Ivinhema,-22.437333,-54.122694,NA,304,4.5,0.51,0.843373494
Ivinhema,-22.602833,-53.9385,NA,271,3.4,0.59,1.084337349
Ivinhema,-22.692611,-53.752694,NA,244,6.5,1.26,0.361445783
Ivinhema,-21.94183,-55.70272,7.1,528,3.08,0.3219,0.873493976
Ivinhema,-21.80758,-55.65744,7.225,541,5.8,0.3162,0.813855422
Ivinhema,-21.34994,-55.53342,6.64,523,4.3,0.4957,0.985542169
Ivinhema,-21.25867,-55.53669,6.63,554,1,0.399,0.397783133
Ivinhema,-21.31347,-55.06572,5.295,358,1.7,0.5244,0.482409639
Ivinhema,-22.195553,-54.772008,NA,370,2,0.77,0.240963855
Ivinhema,-22.198569,-54.690304,NA,335,2,0.22,0.445783133
Ivinhema,-22.100479,-54.649977,NA,310,3.5,1.1,0.590361446
Ivinhema,-22.095546,-54.552002,NA,288,3,0.7,0.56626506
Ivinhema,-22.228707,-54.791463,NA,410,0.63,0.375,0.144578313
Ivinhema,-22.228872,-54.791078,NA,410,1.18,0.375,0.21686747
Ivinhema,-22.235071,-54.793931,NA,403,0.925,0.6625,0.457831325
Ivinhema,-22.246993,-54.767393,NA,394,1.33,0.475,0.481927711
Ivinhema,-22.301559,-54.734691,NA,356,3,0.775,0.903614458
Ivinhema,-22.244111,-54.770979,NA,398,2,0.7375,0.096385542
Ivinhema,-22.25629,-54.86129,7.05,400,2.15,0.48,0.117165736
Ivinhema,-22.469152,-54.808311,7.09,390,7,1,0.522871486
Ivinhema,-22.557378,-55.623394,7.25,630,1.5,0.225,0.493012048
Ivinhema,-22.242314,-54.258712,6.83,340,3,0.515,0.479307229
Ivinhema,-22.294744,-54.365234,6.635,340,4.5,0.3,0.51555938
Ivinhema,-22.483465,-55.242073,7.55,415,10,0.675,0.696024096
Ivinhema,-22.290982,-54.562171,6.2,355,2.44,0.5,0.5075
Ivinhema,-22.451923,-55.503347,7.7,580,7.5,0.5,0.74437751
Ivinhema,-22.261864,-55.269468,6.6,500,2,0.2,0.541365462
Ivinhema,-22.417626,-53.9038,NA,330,1.2,0.5,0.481927711
Ivinhema,-22.258282,-53.810673,NA,290,3,0.78,0.421686747
Ivinhema,-22.26527,-53.835482,NA,308,1.5,0.5,0.240963855
Ivinhema,-22.019551,-54.764369,NA,292,8,1.5,0.25
Ivinhema,-21.941386,-54.84665,NA,309,2.5,0.8,0.35
Ivinhema,-22.519381,-54.036096,9.03,270,12,1.6,0.666666667
Ivinhema,-22.546446,-54.025416,7.33,263,30,2.5,0.4
Ivinhema,-22.204921,-54.881643,NA,435,1,0.4,0.37
Ivinhema,-22.220884,-54.918114,NA,420,1.2,0.38,0.91
Ivinhema,-22.210763,-54.913785,NA,416,1.5,0.3,0.52
Ivinhema,-22.251404,-54.88781,NA,381,4,0.6,1.07
Ivinhema,-22.259737,-54.87832,NA,378,4,0.35,0.88
Ivinhema,-22.308582,-54.855533,NA,349,4.5,0.75,0.53
Ivinhema,-22.312387,-54.842315,NA,370,0.6,0.3,0.19
Ivinhema,-22.337875,-54.846674,NA,334,4,0.8,0.46
Ivinhema,-22.337875,-54.846674,NA,351,5.5,1.5,1.05
Ivinhema,-22.312387,-54.842315,NA,345,0.6,0.4,0.54
Ivinhema,-22.416111,-53.994917,4.41,353,0.8,0.2,0.3
Ivinhema,-22.386222,-53.960528,4.1,334,2,0.3,0.89
Ivinhema,-22.384056,-53.988528,4.8,364,2.5,0.6,0.55
Ivinhema,-22.445286,-53.897114,5.6,273,8,0.7,0.65
Ivinhema,-22.381333,-53.889722,3.56,340,4,0.2,0.1
Ivinhema,-22.092528,-53.976722,6.73,338,0.8,0.3,0.35
Ivinhema,-22.072944,-53.828639,8.64,270,7,0.7,0.57
Ivinhema,-22.048333,-53.754972,6.64,266,8,0.6,0.83
Ivinhema,-22.034833,-53.722194,6.78,232,7,0.95,0.63
Ivinhema,-22.024167,-53.793778,8.73,291,5,0.5,0.05
Ivinhema,-22.008056,-53.779722,7.13,260,4,0.65,0.42
Ivinhema,-21.998167,-53.761972,7.99,258,2.1,0.75,0.51
Ivinhema,-22.153806,-52.664972,7.79,250,6.5,1.5,0.61
Ivinhema,-22.186537,-54.825388,4.45,424,1.7,0.35,0.32
Ivinhema,-22.193784,-54.788143,8.07,375,2.3,0.49,0.36
Ivinhema,-22.204616,-54.835024,7.83,417,1.13,0.343,0.49
Ivinhema,-22.204037,-54.793611,6.7,377,4,1.13,0.34
Ivinhema,-22.175933,-54.734315,7.56,341,4.6,0.73,0.59
Ivinhema,-22.232014,-54.841617,7.98,410,1.5,0.65,0.06
Ivinhema,-22.25154,-54.826924,5.61,377,3.2,0.34,0.56
Ivinhema,-22.258967,-54.819122,4.77,366,5,0.27,0.46
Ivinhema,-22.246008,-54.799868,6.28,377,2.5,0.33,0.34
Ivinhema,-22.259048,-54.796707,4.82,360,3.7,0.514,0.16
Ivinhema,-22.229413,-54.831277,5.61,409,0.98,0.39,0.17
Ivinhema,-22.233967,-54.830776,4.63,408,2.98,0.24,0.05
Ivinhema,-22.235924,-54.812687,5.02,403,2.5,0.34,0.45
Ivinhema,-22.256107,-54.820149,4.05,369,4,0.43,0.1
Ivinhema,-22.35417,-54.940721,NA,327,3.9,0.7,0.55
Ivinhema,-21.851083,-55.477972,6.89,397,17.3,2,0.74
Ivinhema,-21.833556,-54.864861,7.03,301,17.3,3.5,1
Ivinhema,-22.112866,-55.512007,7.03,426,17.3,3.5,0.93
Ivinhema,-22.218028,-54.288111,7.03,269,48.1,3.5,0.83
Ivinhema,-21.933694,-54.505056,7.1,269,52,2.5,0.47
Ivinhema,-21.958889,-54.796694,6.8,319,6,1,0.78
Ivinhema,-22.382194,-53.532528,5.39,251,250,4,1.15
Ivinhema,-21.501386,-55.165151,7,343,7,1.6,0.71
Ivinhema,-21.484556,-55.158056,7.06,338,20,1.9,0.61
Ivinhema,-21.218611,-55.007306,6.77,385,12,0.95,0.79
Ivinhema,-21.351119,-54.689325,7.27,370,20,2.5,0.79
Ivinhema,-21.543639,-54.554778,5.46,339,43,3.5,0.465
Ivinhema,-23.212472,-53.743417,6.7,225,133,4,0.82
Ivinhema,-23.183361,-53.730083,3.4,219,12,2.5,1.05
Ivinhema,-22.348056,-54.618333,7.03,338,50,3.5,0.88
Ivinhema,-22.2894,-54.31873,5.97,307,1.7,0.75,0.27
Ivinhema,-22.28602,-54.17278,5.91,348,1.57,0.57,0.53
Ivinhema,-22.30312,-53.80622,5.64,314,1.325,2.656,0.5825
Ivinhema,-21.81585,-54.55,5.02,313,1.3,0.2425,0.325
Ivinhema,-22.08895,-54.78138,5.08,343,1.8,0.6,0.46
Ivinhema,-22.24453,-54.81437,7.16,430,1.8,0.16,0.153333
Ivinhema,-22.29321,-53.76251,5.66,331,1,0.6,0.19
Ivinhema,-22.21137,-53.90292,5.28,297,1.87,0.79,1.03
Ivinhema,-22.20297,-53.92812,8.8,289,2.97,0.85,0.72
Ivinhema,-22.14593,-54.83144,4.66,382,1.5,0.42,0.396
Ivinhema,-21.95155,-54.7034,5.76,282,5.4,0.876,0.796
Ivinhema,-22.29103,-54.66816,6.25,355,1.2,0.456,0.666
Ivinhema,-21.499105,"-54,73401",NA,312,10.50,0.33,1.22
Ivinhema,-21.498715,"-54,70504",NA,308,12.50,0.30,1.21
Ivinhema,-22.2453,-54.05251,6.26,350,1.4,0.3075,0.566
Ivinhema,-22.19177,-53.64944,5.63,263,9,0.3075,0.7525
Ivinhema,-22.13218,-53.99947,7.24,324,2.1,0.436,0.4625
Amambai,-22.91117,"-55,40256",7.38,452,4.46,0.292,0.908
Amambai,-22.94919,"-55,59873",6.45,519,3.7,0.6175,0.4325
Amambai,-23.05401,"-55,58702",6.49,472,3.36,0.456,0.556
Amambai,-23.14588,"-55,17215",5.57,416,2.26,1.2,0.32
Amambai,-23.11029,"-54,93577",6.16,379,2.2,0.398,0.398
Amambai,-22.86108,"-54,70020",4.46,330,6.4,0.906,0.78
Amambai,-23.00119,"-54,30733",6.55,270,6.5,0.558,0.968
Amambai,-23.07698,"-54,15405",7.43,305,1.77,0.444,0.666
Amambai,-22.72305,"-54,93172",10.55,344,6.8,0.702,1.076
Amambai,-22.77628,"-54,99106",9.31,361,4.7,0.312,0.5
Amambai,-22.64717,"-54,82694",10.05,439,1.13,0.122,0.22
Amambai,-23.26721,"-53,98981",6.22,288,5.6,0.348,0.39
Amambai,-23.34117,"-53,86389",9.59,226,8,2.5,1
Amambai,-23.21651,"-54,02581",7.72,280,2.42,0.83,0.798
Amambai,-23.17726,"-54,44555",8.64,319,1.84,0.442,0.574
Amambai,-22.84408,"-54,82436",9.84,324,3.84,0.43,0.534
Amambai,-22.80231,"-54,54893",7.32,337,2.86,0.35,0.088
Amambai,-23.0619,"-54,73161",9.23,276,11.2,0.684,0.946
Amambai,-23.0429,"-54,51001",8.42,287,1.81,0.086,0.078
Amambai,-22.75309,"-55,60146",8.09,558,2.2,0.394,0.334
Amambai,-22.55908,"-55,47057",7.1,547,1.73333333333333,0.426666666666667,0.29
Amambai,-22.79251,"-55,22477",7.24,388,5.7,0.41,"1,216"
Amambai,-22.64299,"-55,18780",8.92,465,1.8,0.17,0.582
Amambai,-22.73446,"-54,71685",7.96,390,2.08,0.276,0.356
Amambai,-22.85443,"-54,63698",8.56,299,1.78,0.204,0.298
Amambai,-22.66274,"-55,57349",7.1,589,1.28,0.156,0.4
Amambai,-22.7712,"-55,63221",6.81,591,1.36,0.244,0.214
Amambai,-23.17932,"-55,53846",6.64,500,0.7,0.234,0.126
Amambai,-23.2406,"-55,53552",2.1,509,0.4,0.148,0.222
Amambai,-23.1687,"-55,34413",4.06,455,0.5,0.2,0.01
Amambai,-23.13083,"-55,22092",6.72,417,4.34,0.48,0.814
Amambai,-23.10379,"-55,17038",5.83,418,1.04,0.31,0.178
Amambai,-23.04425,"-55,11430",6.9,348,3.2,0.4,0.996
Amambai,-22.88836,"-54,65507",8.01,302,13.4,0.76,0.808
Amambai,-22.92585,"-54,50236",7.44,271,2.6,0.246,0.524
Amambai,-23.26085,"-54,19849",7.99,337,0.5,0.258,0.34
Amambai,-23.28015,"-54,12569",6.69,286,4.68,0.662,0.944
Amambai,-23.22593,"-54,21880",6.73,294,2.36,0.87,0.45
Amambai,-23.26357,"-54,26957",7.15,308,1.38,0.62,0.448
Amambai,-23.18626,"-54,41059",7.06,321,1.3,0.39,0.67
Amambai,-23.08512,"-54,49495",7.95,255,4.22,1.15,0.724
Amambai,-22.75854,"-54,96185",8,334,12.44,0.85,0.844
Amambai,-22.70997,"-55,09578",7.78,437,8.1,0.568,0.954
Amambai,-22.61004,"-55,06682",7.48,438,2.16,0.476,0.714
Amambai,-22.99765,"-54,99375",8.28,352,2.98,0.224,0.66
Amambai,-22.9135,"-54,80117",7.43,291,4.34,0.42,0.704
Amambai,-22.94815,"-54,57928",7.44,265,10.6,0.524,0.966
Amambai,-22.86617,"-54,58963",6.17,333,8.6,1.35,1.39
Amambai,-22.87357,"-54,53510",7.22,270,7.3,0.56,0.67
Amambai,-22.78275,"-54,53992",6.04,368,0.878,0.31,0.43
Amambai,-23.28894,"-53,96099",5.86,250,2.26,1.02,0.57
Amambai,-23.04361,"-55,18116",6.9,436,1.3,0.198,0.504
Amambai,-22.7096111111,"-55,09692",8.4,420,4,0.37,0.81
Amambai,-22.6114166667,"-55,42225",7.71,479,7,0.855,0.46
Amambai,-23.137743,"-54,20128",4.5,249,6,1,0.25
Amambai,-23.122429,"-54,21751",5.01,257,6,0.5,0.6
Amambai,-23.079078,"-54,23456",6.4,273,4.5,0.55,0.61
Amambai,-23.119598,"-54,21280",6.7,270,1.5,0.15,0.09
Amambai,-23.067784,"-54,23682",6.5,281,3.5,0.8,0.68
Amambai,-23.069212,"-54,23087",6.47,281,3.4,0.25,0.75
Amambai,-23.049455,"-54,24522",7.86,304,2.5,0.25,0.35
Amambai,-23.059068,"-54,21508",4,305,2.8,0.38,0.35
Amambai,-23.039891,"-54,19899",4.2,346,1.1,0.2,0.65
Amambai,-23.019241,"-54,23057",6.49,356,1.8,0.25,0.6
Apa,-22.17139,-56.19987,6.71,284,3.6,0.46,0.44
Apa,-22.08248,-56.32409,5.5,279,0.57,0.11,0.24
Apa,-22.07086,-56.42082,3.91,220,0.4,0.5,0.1
Apa,-22.00539,-56.49126,6.74,200,7,1.1,0.27
Apa,-22.14518,-56.30818,5.77,291,1.03,0.32,0.22
Apa,-21.98326,-56.54484,8.43,233,2.54,0.2,0.41
Apa,-21.92389,-56.55424,7.26,259,1.33,0.11,0.5
Apa,-21.96051,-56.43805,7.37,221,7.25,0.48,0.55
Apa,-21.92791,-56.38885,9.06,250,1.5,0.21,0.25
Apa,-21.83352,-56.29022,6.64,325,1.68,0.16,0.12
Apa,-22.21141,-56.83846,9.02,171,2.1,0.31,0.43
Apa,-22.20177,-56.78748,6.5,174,6.75,0.4,0.32
Apa,-22.15642,-56.79964,8.1,170,4.5,0.25,0.69
Apa,-22.04436,-56.64331,5.82,214,1,0.06,0.05
Apa,-22.00507,-56.71503,7.31,189,3.75,0.75,0.42
Apa,-22.03029,-57.0365,8.07,225,3.5,0.2,0.52
Apa,-21.97575,-56.76841,7.46,221,1.5,0.16,0.51
Apa,-22.09589,-56.56481,6.18,207,1.95,0.29,0.74
Apa,-21.73584,-56.60452,7.68,244,2.25,0.38,0.48
Apa,-21.98197,-56.7083,5.96,228,3.1,0.76,0.46
Apa,-21.95074,-56.7059,5.88,217,3.33,0.7,0.53
Apa,-21.99424,-56.7316,7.71,186,7.9,0.54,0.62
Apa,-21.94332,-56.7595,5.84,201,0.78,0.16,0.4
Apa,-21.97174,-56.7474,5.8,245,9.4,0.83,0.48
Apa,-21.39124,-56.8096,7.73,562,1.4,0.22,0.134
Apa,-21.54082,-56.93872,6.18,220,12.4,0.656,0.206
Apa,-21.82076,-57.23557,6.68,178,4.9,0.3,0.884
Apa,-21.97013,-56.79573,6.81,242,6.44,0.694,0.88
Apa,-22.01072,-57.03733,6.44,222,3.12,0.15,0.704
Apa,-22.00971,-57.07977,6.58,281,2.34,0.21,0.702
Apa,-22.12034,-57.26581,5.41,154,2.7,0.328,0.196
Apa,-21.86323,-57.24613,5.24,173,2.23,0.31,0.473
Apa,-21.08954,-56.73795,6.17,538,4.33,0.68,0.22
Apa,-21.68202,-56.76036,6.74,375,2.33,0.26,1.38
Apa,-21.71193,-56.83736,6.1,387,6,20,0.83
Apa,-21.77866,-56.98776,6.88,369,2.16,0.14,0.46
Apa,-22.03133,-55.87583,6.76,591,0.6,0.33,0.54
Apa,-22.19158,-56.08481,6.06,264,4,0.56,0.44
Apa,-22.09506,-55.88919,6.89,623,1.8,0.34,0.38
Apa,-22.054986,-57.250429,5.73,148,4.6,0.45,NA
Apa,-21.770056,-57.146608,6.61,174,12.4,0.22,7.4
Apa,-22.213635,-55.944959,6.7,646,1.5,0.2,NA
Apa,-22.040028,-55.94053,7.04,538,5,0.4,1.53
Apa,-22.19838,-55.95455,6.85,671,2.025,0.2925,0.39
Apa,-22.22512,-56.02025,4.07,366,1.8,0.28,0.19
Apa,-22.2327,-55.90558,6.59,663,1.42,0.164,0.864
Apa,-21.75716,-57.1901,6.27,186,2.42,0.214,1.156
Apa,-21.67633,-57.17568,6.59,202,4.5,0.3,0.958
Apa,-21.93398,-57.25383,6.77,170,6.7,0.3425,0.1175
Apa,-21.72587,-57.03773,5.36,277,1.5,0.13,0.75
miranda,-21.97072,-55.95173,6.68,500,4.76,0.344,0.45
miranda,-21.8989,-56.05018,6.78,367,5.4,0.272,1.28
miranda,-21.82586,-56.10278,6.10,323,4.5,0.172,0.30
miranda,-21.75523,-56.20934,5.69,323,2.46,0.442,0.20
miranda,-21.66144,-56.24993,6.14,328,1.146,0.282,0.45
miranda,-21.43799,-56.47179,6.57,269,12.6,1.28,0.50
miranda,-21.29995,-56.43377,6.60,266,6.5,0.58,0.61
miranda,-21.18035,-56.4456,5.00,285,12,0.45,0.07
miranda,-21.20448,-56.35594,6.09,270,2.12,0.232,0.21
miranda,-21.59979,-56.42474,5.95,266,2.4,0.132,0.46
miranda,-21.61962,-56.24234,6.44,281,4.5,0.866,0.29
miranda,-21.61529,-56.15826,6.34,253,11.1,0.938,0.74
miranda,-21.65833,-56.02726,6.53,277,3.2,0.188,0.30
miranda,-21.61569,-55.91513,5.21,274,10.2,0.396,0.61
miranda,-19.88618,-54.44405,7.65,396,7.2,0.378,0.68
miranda,-19.77643,-54.51244,6.98,355,7.1,0.616,0.73
miranda,-19.744,-54.64326,7.61,326,5.8,0.75,0.36
miranda,-20.32718,-54.78675,7.49,321,3.34,0.292,0.65
miranda,-19.92256,-54.89219,7.19,260,7.7,0.392,0.53
miranda,-20.04571,-54.77832,7.44,264,4.16,0.824,0.09
miranda,-20.11004,-54.77401,7.70,277,4.66,0.484,0.94
miranda,-20.21865,-54.77985,6.96,317,6.2,0.6,0.53
miranda,-20.43206,-54.83317,7.53,334,7,0.26,0.36
miranda,-20.43162,-54.99969,7.45,229,11.6,0.546,0.39
miranda,-20.4686,-55.69741,7.60,131,3.4,0.33,0.69
miranda,-20.45084,-55.62155,7.82,348,2.7,0.284,0.15
miranda,-20.48983,-55.60015,8.60,169,2.46,0.272,0.23
miranda,-20.53518,-55.5554,6.29,158,0.97,0.172,0.11
miranda,-20.65782,-55.14295,8.34,224,1.84,0.344,0.26
miranda,-20.54468,-54.95784,6.81,252,4.34,0.26,0.23
miranda,-20.80774,-54.88499,8.52,275,4.6,0.366,0.47
miranda,-20.88995,-54.94744,8.35,395,1.74,0.212,0.41
miranda,-20.74954,-55.15714,5.95,234,1.37,0.384,0.42
miranda,-21.1377,-55.69862,5.90,208,5.4,0.518,0.15
miranda,-21.95381,-55.84067,7.10,542,1.2,0.202875,0.16
miranda,-21.07812,-56.55743,6.88,405,1.12,0.15,0.66
miranda,-21.03092,-56.61361,7.62,496,4.5,0.64,0.86
miranda,-21.88867,-55.78406,6.54,619,1.1,0.419958333333333,0.18
miranda,-21.72194,-55.77833,7.52,470,5,0.344416666666667,0.66
miranda,-21.49017,-55.66211,6.70,366,2,0.326491666666667,0.44
miranda,-21.47739,-55.66942,7.40,386,6,0.358533333333333,0.79
miranda,-21.18953,-55.44431,7.09,490,4.5,0.228158333333333,0.85
miranda,-21.00008,-55.20372,6.80,466,3.8,0.2545,0.53
miranda,-21.54143,-56.6649,6.36,417,2.48,0.22,0.96
miranda,-22.60381,-55.58884,6.63,144,4.6,0.44,0.95
miranda,-20.60787,-55.5851,NA,176,NA,NA,NA
miranda,-20.9179,-56.58379,8.9,460,3,0.54,0.43
miranda,-20.98528,-56.45302,NA,270,6.2,0.74,0.14
miranda,-21.25879,-56.28536,5.2,208,3.08,0.32,0.61
miranda,-21.22389,-56.33659,4.59,258,4.5,0.33,0.52
miranda,-20.86747,-56.61182,6.28,494,3.6,0.36,0.41
miranda,-20.81313,-56.6229,6.4,454,3.25,0.28,0.29
miranda,-20.7355,-56.52375,3.09,201,2.5,0.25,0.28
miranda,-20.75562,-56.59104,2.4,282,0.8,0.13,0.1
miranda,-20.59031,-56.64348,5.32,263,3.5,0.36,0.65
miranda,-20.51655,-56.74757,4.25,157,2.83,0.23,0.26
miranda,-20.54658,-56.71644,4.96,243,2.7,0.36,0.24
miranda,-21.10497,-56.48106,13,291,2.05,0.18,0.57
miranda,-21.08432,-55.80803,NA,198,7.2,0.39,1.03
miranda,-20.88437,-56.35964,NA,241,5,0.32,0.07
Negro,-19.46645,-54.98296,5.03,202,1.98,0.202,0.27
Negro,-19.4961,-54.95364,5.85,234,3.24,0.134,0.268
Negro,-19.54539,-54.92251,5.99,240,4.5,0.18,0.39
Negro,-19.57946,-54.89254,6.66,302,5.8,0.296,0.338
Negro,-19.64122,-54.87757,4.9,418,1.5,0.254,0.08
Negro,-19.59432,-54.88381,5.68,298,3.44,0.23,0.238
Negro,-19.51538,-54.99713,6.74,274,4.7,0.216,0.186
Negro,-19.56137,-55.00959,5.21,253,4.46,0.396,0.616
Negro,-19.60133,-55.04322,5.71,282,2.26,0.65,0.706
Negro,-19.6205,-55.05702,6.12,290,7.3,0.68,0.316
Negro,-19.59261,-55.12482,6.21,345,3.4,0.347,0.15
Negro,-19.69867,-55.15731,4.86,337,2.18,0.228,0.224
Negro,-19.77724,-55.24608,6.73,280,3.74,0.196,0.702
Negro,-19.81989,-55.25984,7.21,261,4.28,0.22,0.522
Negro,-19.83723,-55.27116,2.21,258,6,0.41,0.022
Negro,-19.3642,-54.86722,6.47,293,5.6,0.386,0.464
Negro,-19.34682,-54.85025,6.38,298,2.5,0.164,0.236
Negro,-19.35238,-54.99953,5.18,185,1.6,0.28,0.418
Negro,-19.305,-54.96791,6.03,175,1.38,0.272,0.212
Negro,-19.29412,-54.96188,6.1,193,3.6,0.26,0.4
Negro,-19.30958,-54.93096,1.85,184,1.26,0.36,0.124
Negro,-19.29415,-54.91445,6.29,200,1.94,0.182,0.348
Negro,-19.2831,-54.92078,6.34,198,15,0.276,0.478
Negro,-19.27644,-54.95606,5.71,225,1.52,0.188,0.52
Negro,-19.24972,-55.01127,6.08,316,3.98,0.496,0.886
Negro,-19.20491,-54.96792,4.48,358,1.74,0.288,0.754
Negro,-19.18865,-54.92631,4.44,360,1.52,0.134,0.588
Negro,-19.08869,-54.92163,5.18,361,1.5,0.246,0.228
Negro,-19.44315,-54.94769,1.27,176,4.34,0.244,0.538
Negro,-19.45582,-54.89256,4.1,203,7.36,0.272,0.852
Negro,-19.45477,-54.88898,6.63,220,1.9,0.12,0.324
Negro,-19.45069,-54.86345,4.31,232,2.58,0.304,0.268
Negro,-19.45399,-54.855,6.65,249,11.2,0.202,0.526
Negro,-19.63538,-55.00641,5.28,334,2.76,0.322,0.208
Negro,-19.83217,-54.99149,5.95,339,1.78,0.208,0.268
Negro,-19.79618,-55.03645,6.77,345,3.9,0.12,0.294
Negro,-19.80587,-55.13389,3.88,330,3.02,0.4,0.12
Negro,-19.81918,-55.19394,5.46,278,1.1,0.138,0.216
Negro,-19.82114,-55.21963,6.47,279,5.7,0.396,0.524
Negro,-19.29866,-55.10106,2.81,168,3.38,0.286,0.024
Negro,-19.43412,-55.26316,4.33,163,2.1,0.242,0.156
Negro,-19.46873,-55.28556,6.27,146,2.02,0.12,0.254
Negro,-19.2234,-54.90718,4.29,334,6.1,0.156,0.316
Negro,-19.01551,-54.8701,5.39,445,4.78,0.344,0.14
Negro,-19.282292,-54.92307,5.96,207,19.4,0.14,1.126
Negro,-19.41188,-55.0139,4.76,185,2.04,0.294,0.494
Negro,-19.42108,-55.12972,6.2,305,6.98,0.33,0.592
Negro,-19.68519,-54.97143,5.59,317,2.2,0.374,0.292
Negro,-19.71439,-54.98419,5.94,308,2.92,0.112,0.366
Negro,-19.75963,-54.99094,5.66,318,1.34,0.18,0.164
Negro,-20.04446,-55.60677,6.43,169,1.4,0.165,0.4
Negro,-20.02074,-55.57614,4.5,171,1.46,0.148,0.214
Negro,-19.81403,-55.46343,5.27,148,1.3,0.19,0.326
Negro,-19.93877,-55.32846,6.31,204,3.25,0.217,0.5
Negro,-20.10583,-55.38219,6.47,175,1.38,0.154,0.532
Negro,-20.1658,-55.50663,6.12,200,1.36,0.174,0.32
Negro,-20.17611,-55.44376,3.18,179,3.66,0.37,0.417
Iguatemi,-23.244114,"-55,26866",9.37,448,2.36,0.374,0.372
Iguatemi,-23.261754,"-55,42170",8.66,384,9.2,0.51,0.516
Iguatemi,-23.16777,"-55,11328",7.91,394,2.4,0.442,0.532
Iguatemi,-23.19498,"-55,09119",5.09,396,3.2,0.23,0.226
Iguatemi,-23.2933,"-55,53279",8.26,481,1.734,0.448,0.546
Iguatemi,-23.29618,"-55,48340",4.72,495,1.5,0.17,0.18
Iguatemi,-23.26393,"-55,45603",7.78,441,1.6,0.192,0.164
Iguatemi,-23.892178,-54.311701,7.99,238,1.5,1.3,0.7
Iguatemi,-23.851399,-54.4020578,8.25,249,1.7,0.32,0.78
Iguatemi,-23.791287,-54.548577,7.58,258,2,0.4,0.93
Iguatemi,-23.765826,-54.420578,8.32,246,1.7,0.45,0.93
Iguatemi,-23.826596,-54.839042,9.44,280,3.1,0.26,1.2
Iguatemi,-23.862271,-54.913787,7.57,265,1,0.4,0.5
Iguatemi,-23.889683,-54.97731,7.81,270,4,0.72,0.65
Iguatemi,-23.968396,-55.057758,2.64,316,1.5,1,0.05
Iguatemi,-23.941631,-55.304355,8.34,358,2.15,0.3,0.6
Iguatemi,-23.921638,-55.371323,8.8,326,1.8,0.5,0.63
Iguatemi,-23.79375,-55.35092,9.36,313,2.5,0.25,0.7
Iguatemi,-23.73507,-55.37957,9.67,319,3,0.55,0.58
Iguatemi,-23.67180,-55.39532,7.55,320,2.2,0.455,0.483
Iguatemi,-23.53563,-55.14944,5.23,336,0.8,1.1,0.3
Iguatemi,-23.510105,-55.007246,8.99,280,5,0.3,0.571
Iguatemi,-23.56699,-54.74133,6.72,252,8,0.45,0.75
Iguatemi,-23.49913,-54.85303,8.65,304,1,0.4,0.353
Iguatemi,-23.42432,-54.91474,9.36,315,1,0.366,0.571
Iguatemi,-23.69375,-54.4720277777778,5.94,313,3,0.6,0.6
Iguatemi,-23.7296388888889,-54.5821111111111,7.96,346,5.5,0.75,0.6
Iguatemi,-23.7040277777778,-55.0463888888889,6.8,310,1.2,0.4,0.3
Iguatemi,-23.8306944444444,-55.0161388888889,0.5,290,2.5,0.8,0.1
Iguatemi,-23.643926,-54.848284,6.36,400,1,0.8,0.8
Iguatemi,-23.803469,-54.304222,6.03,240,2,0.6,0.5
Iguatemi,-23.96,-55.41,5.2,416,8,0.4,0.4
Iguatemi,"-23,83850000","-55,07608333",7.38,387,0.7,0.6,0.66
Iguatemi,-23.666498,-55.211860,6.6,360,10,0.6,0.44
Iguatemi,-23.645070,-55.201342,6.9,368,1.5,0.5,0.47
Iguatemi,-23.227644,-55.335401,7.56,476,2.5,0.5,0.5
Iguatemi,-23.24475,-55.3520833333333,8,468,4,0.5,0.345
Iguatemi,-23.48832,-54.60037,9.2,343,1.5,0.4,0.378
Iguatemi,-23.57059,-54.66912,9.04,263,4,0.75,0.461
Iguatemi,-23.35618,-54.76896,8.31,397,0.5,0.15,0.545
Iguatemi,-23.505705,-54.836876,6.99,270,50,1.8,0.65
Iguatemi,-23.505322,-54.836774,9.53,270,2.5,0.35,0.75
Iguatemi,-23.41216,-54.93961,8.14,285,2.5,0.35,0.8
Iguatemi,-23.35342,-55.01641,8.72,308,2.5,0.6,0.625
Iguatemi,-23.33086,-55.0873,0.62,387,0.7,0.5,0.4
Iguatemi,-23.33499,-55.25882,7.95,384,5.2,0.3,0.4615
Iguatemi,-23.64994,-55.00991,5.69,326,0.85,0.6,0.6857
Iguatemi,-23.483681,-54.86327,8.05,300,1.17,0.65,0.7
Iguatemi,-23.450609,-54.888387,7.5,290,2.7,0.4,0.54
Iguatemi,-23.504358,-54.996281,8.25,298,2.2,0.4,0.55
Iguatemi,-23.2641388888889,-55.4207777777778,8.29,482,8,0.5,0.51
Iguatemi,-23.34000,-55.4126111111111,7.54,400,13,1.2,0.4
Iguatemi,-23.8296388888889,-55.0811944444444,7.05,352,25,1.5,0.47
Iguatemi,-23.8427777777778,-55.0735277777778,7.63,295,70,2.2,0.43
Iguatemi,-23.7305833333333,-54.5878611111111,7.37,247,80,2.6,0.38
Iguatemi,-23.8261666666667,-54.3459444444444,7.57,235,90,2.8,0.44
Iguatemi,-23.8361388888889,-54.3181666666667,7.02,230,100,3.2,0.37
Iguatemi,-23.8529444444444,-54.2883333333333,7.54,226,110,3.5,0.36
Iguatemi,-23.24475,-55.3520833333333,7.99,468,3,0.4,0.34
Iguatemi,-23.3407,-55.1953,7.68,324,10,0.7,0.51
Iguatemi,-23.6548333333333,-54.6705,7.25,250,150,2.1,0.28
Iguatemi,-23.834258,-54.349592,NA,233,2.5,0.46,NA
Iguatemi,-23.801528,-54.440556,NA,249,2.8,0.36,NA
Iguatemi,-23.897900,-54.270431,NA,234,3.2,.47,NA
